{
  "config": {
    "miner": [
      "IM",
      "Heuristics",
      "Alpha"
    ],
    "weight": 0.5,
    "shadow_traces": 1000,
    "iterations": 5,
    "seed": 42,
    "output": null
  },
  "results": [
    {
      "miner": "Heuristics Miner",
      "gen_struct": 0.7307692307692308,
      "gen_shadow_mean": 0.9384056087211441,
      "gen_shadow_std": 0.0004794222155912012,
      "gen_shadow_raw_iterations": [
        0.938746230284613,
        0.9386885753890094,
        0.9387801215602923,
        0.9375098389027485,
        0.9383032774690567
      ],
      "gen_total": 0.8345874197451875,
      "w_weight": 0.5,
      "determinism_rating": "High",
      "runtime_s": 89.35657525062561
    },
    {
      "miner": "Inductive Miner (IM)",
      "gen_struct": 0.7307692307692308,
      "gen_shadow_mean": 0.9757671642200858,
      "gen_shadow_std": 0.0004987589589613148,
      "gen_shadow_raw_iterations": [
        0.9751879265023362,
        0.9764433592562698,
        0.97628061088329,
        0.9754382720547026,
        0.9754856524038307
      ],
      "gen_total": 0.8532681974946583,
      "w_weight": 0.5,
      "determinism_rating": "High",
      "runtime_s": 141.60698223114014
    },
    {
      "miner": "Alpha Miner",
      "gen_struct": 0.7307692307692308,
      "gen_shadow_mean": 0.3194123674162056,
      "gen_shadow_std": 0.0018303558489914246,
      "gen_shadow_raw_iterations": [
        0.3173561190943251,
        0.317643444552392,
        0.3190468258788156,
        0.32101828009811684,
        0.3219971674573782
      ],
      "gen_total": 0.5250907990927183,
      "w_weight": 0.5,
      "determinism_rating": "High",
      "runtime_s": 39.022263526916504
    }
  ]
}