{
  "config": {
    "miner": [
      "IM",
      "Heuristics",
      "Alpha"
    ],
    "weight": 0.5,
    "shadow_traces": 1000,
    "iterations": 5,
    "seed": 42,
    "output": null
  },
  "results": [
    {
      "miner": "Heuristics Miner",
      "gen_struct": 0.39344262295081966,
      "gen_shadow_mean": 0.9384223549561419,
      "gen_shadow_std": 0.0004265614524797888,
      "gen_shadow_raw_iterations": [
        0.9385768809352153,
        0.938664082639038,
        0.938915652987599,
        0.9376706029235911,
        0.9382845552952657
      ],
      "gen_total": 0.6659324889534808,
      "w_weight": 0.5,
      "determinism_rating": "High",
      "runtime_s": 80.87700152397156
    },
    {
      "miner": "Inductive Miner (IM)",
      "gen_struct": 0.7173913043478262,
      "gen_shadow_mean": 0.9757708661928364,
      "gen_shadow_std": 0.0004901541029795456,
      "gen_shadow_raw_iterations": [
        0.9752413786646027,
        0.9764393770780884,
        0.9762742300459889,
        0.9755341875110679,
        0.9753651576644335
      ],
      "gen_total": 0.8465810852703313,
      "w_weight": 0.5,
      "determinism_rating": "High",
      "runtime_s": 134.9989354610443
    },
    {
      "miner": "Alpha Miner",
      "gen_struct": 0.7454545454545455,
      "gen_shadow_mean": 0.31940406282043987,
      "gen_shadow_std": 0.0018444859167054686,
      "gen_shadow_raw_iterations": [
        0.3172251987144773,
        0.31759418659690436,
        0.31918303608839704,
        0.3213119456210631,
        0.32170594708135775
      ],
      "gen_total": 0.5324293041374927,
      "w_weight": 0.5,
      "determinism_rating": "High",
      "runtime_s": 37.38214302062988
    }
  ]
}