{
  "config": {
    "miner": [
      "IM",
      "Heuristics",
      "Alpha"
    ],
    "weight": 0.5,
    "shadow_traces": 1000,
    "output": null
  },
  "results": [
    {
      "miner": "Heuristics Miner",
      "gen_struct": 1.0,
      "gen_shadow": 0.9387551082994166,
      "gen_total": 0.9693775541497083,
      "w_weight": 0.5,
      "runtime_s": 67.3071494102478
    },
    {
      "miner": "Alpha Miner",
      "gen_struct": 1.0,
      "gen_shadow": 0.31869151349082886,
      "gen_total": 0.6593457567454144,
      "w_weight": 0.5,
      "runtime_s": 29.19692039489746
    },
    {
      "miner": "Inductive Miner (IM)",
      "gen_struct": 1.0,
      "gen_shadow": 0.9760479965299109,
      "gen_total": 0.9880239982649555,
      "w_weight": 0.5,
      "runtime_s": 128.30438828468323
    }
  ]
}