{
  "dataset": "BPI2013_Incidents",
  "miner": "Trace_Filtered",
  "method": "M1e",
  "method_label": "HybridGen v26 (log weighting)",
  "timestamp": "2026-06-12T09:12:58Z",
  "host": "local",
  "seed": 42,
  "parameters": {
    "algorithm_version": "v26",
    "max_n": 6,
    "safe_threshold": 5,
    "num_shadow_traces": 1000,
    "iterations": 5,
    "trace_model_top_k": 50
  },
  "results": {
    "mean": 0.5664022065665301,
    "std": 0.003445019759548422,
    "raw_iterations": [
      0.5616461756401059,
      0.562888955467899,
      0.5694310082004933,
      0.5698806674681448,
      0.5681642260560076
    ],
    "runtime_s": 9.504902601242065,
    "gen_accept": 0.0,
    "gen_accept_std": 0.0,
    "gen_shadow_regular": 0.5609678937336614,
    "gen_shadow_mutated": 0.6212764685627106,
    "duplicates_kept": 0,
    "truncated_traces": 0,
    "max_trace_length_used": 246
  },
  "notes": "Benchmark Methodology v2 (run_m1_family.py)"
}