{
  "dataset": "BPI2017",
  "miner": "Alpha",
  "method": "M1f",
  "method_label": "HybridGen v2.6 (log weighting)",
  "timestamp": "2026-06-19T19:13:07Z",
  "host": "local",
  "seed": 42,
  "parameters": {
    "algorithm_version": "v2.6",
    "max_n": 1,
    "safe_threshold": 5,
    "num_shadow_traces": 1000,
    "iterations": 5
  },
  "results": {
    "mean": 0.4009340935847237,
    "std": 0.002082185717851097,
    "raw_iterations": [
      0.40123822209928933,
      0.4039689098694055,
      0.39836564779388905,
      0.3988933781881571,
      0.4022043099728772
    ],
    "runtime_s": 14.502066612243652,
    "gen_accept": 0.0,
    "gen_accept_std": 0.0,
    "gen_shadow_regular": 0.4070677406904405,
    "gen_shadow_mutated": 0.3746990060830182,
    "duplicates_kept": 0,
    "truncated_traces": 0,
    "max_trace_length_used": 360
  },
  "notes": "Benchmark Methodology v2 (run_m1_family.py)"
}