{
  "dataset": "BPI2013_Incidents",
  "miner": "Inductive_Infrequent",
  "method": "M1f",
  "method_label": "HybridGen v2.6 (log weighting)",
  "timestamp": "2026-06-12T09:13:13Z",
  "host": "local",
  "seed": 42,
  "parameters": {
    "algorithm_version": "v2.6",
    "max_n": 6,
    "safe_threshold": 5,
    "num_shadow_traces": 1000,
    "iterations": 5
  },
  "results": {
    "mean": 0.9597791751280982,
    "std": 0.001662106035971556,
    "raw_iterations": [
      0.9629057007705709,
      0.9590915862168928,
      0.9589759624848663,
      0.9580719048330855,
      0.9598507213350759
    ],
    "runtime_s": 2.7113914489746094,
    "gen_accept": 0.45220000000000005,
    "gen_accept_std": 0.015091719583930782,
    "gen_shadow_regular": 0.9603401106968036,
    "gen_shadow_mutated": 0.9543385516208971,
    "duplicates_kept": 0,
    "truncated_traces": 0,
    "max_trace_length_used": 246
  },
  "notes": "Benchmark Methodology v2 (run_m1_family.py)"
}
