{
  "dataset": "BPI2013_Incidents",
  "miner": "Heuristics",
  "method": "M1f",
  "method_label": "HybridGen v2.6 (log weighting)",
  "timestamp": "2026-06-15T16:20:39Z",
  "host": "local",
  "seed": 42,
  "parameters": {
    "algorithm_version": "v2.6",
    "max_n": 1,
    "safe_threshold": 5,
    "num_shadow_traces": 1000,
    "iterations": 5
  },
  "results": {
    "mean": 0.9529247353193371,
    "std": 0.0012221844884122886,
    "raw_iterations": [
      0.9541807037263833,
      0.9520126901853262,
      0.9533124717234724,
      0.951035522864349,
      0.9540822880971546
    ],
    "runtime_s": 1.801332950592041,
    "gen_accept": 0.31260000000000004,
    "gen_accept_std": 0.01192644121270047,
    "gen_shadow_regular": 0.9524095268833053,
    "gen_shadow_mutated": 0.9580034894851739,
    "duplicates_kept": 0,
    "truncated_traces": 0,
    "max_trace_length_used": 246
  },
  "notes": "Benchmark Methodology v2 (run_m1_family.py)"
}