{
  "dataset": "BPI2013_Incidents",
  "miner": "Inductive_Strict",
  "method": "M1e",
  "method_label": "HybridGen v26 (log weighting)",
  "timestamp": "2026-06-12T09:13:10Z",
  "host": "local",
  "seed": 42,
  "parameters": {
    "algorithm_version": "v26",
    "max_n": 6,
    "safe_threshold": 5,
    "num_shadow_traces": 1000,
    "iterations": 5
  },
  "results": {
    "mean": 0.9988424034088889,
    "std": 0.00016868814832845475,
    "raw_iterations": [
      0.9991315598119953,
      0.9988190821376062,
      0.9988273920832554,
      0.998602009944212,
      0.9988319730673749
    ],
    "runtime_s": 2.9739670753479004,
    "gen_accept": 0.9512,
    "gen_accept_std": 0.005418486873657632,
    "gen_shadow_regular": 0.9994518219786567,
    "gen_shadow_mutated": 0.9926667786197954,
    "duplicates_kept": 0,
    "truncated_traces": 0,
    "max_trace_length_used": 246
  },
  "notes": "Benchmark Methodology v2 (run_m1_family.py)"
}