{
  "dataset": "Sepsis",
  "miner": "Heuristics_Strict",
  "method": "M1e",
  "method_label": "HybridGen v26 (log weighting)",
  "timestamp": "2026-06-12T09:09:17Z",
  "host": "local",
  "seed": 42,
  "parameters": {
    "algorithm_version": "v26",
    "max_n": 6,
    "safe_threshold": 5,
    "num_shadow_traces": 1000,
    "iterations": 5
  },
  "results": {
    "mean": 0.8639558272962822,
    "std": 0.002249987232083926,
    "raw_iterations": [
      0.8659409466070742,
      0.8634481038230747,
      0.8630411857295999,
      0.8668461071046981,
      0.8605027932169632
    ],
    "runtime_s": 6.50246262550354,
    "gen_accept": 0.0094,
    "gen_accept_std": 0.0030066592756745813,
    "gen_shadow_regular": 0.8517938686917942,
    "gen_shadow_mutated": 0.8751912988413917,
    "duplicates_kept": 0,
    "truncated_traces": 0,
    "max_trace_length_used": 370
  },
  "notes": "Benchmark Methodology v2 (run_m1_family.py)"
}