{
  "dataset": "Sepsis",
  "miner": "Alpha+",
  "method": "M1f",
  "method_label": "HybridGen v2.6 (log weighting)",
  "timestamp": "2026-06-12T09:09:04Z",
  "host": "local",
  "seed": 42,
  "parameters": {
    "algorithm_version": "v2.6",
    "max_n": 6,
    "safe_threshold": 5,
    "num_shadow_traces": 1000,
    "iterations": 5
  },
  "results": {
    "mean": 0.651156943116636,
    "std": 0.011904925990886701,
    "raw_iterations": [
      0.6532158150572505,
      0.6309326568570317,
      0.6469411708765015,
      0.6660315637024443,
      0.6586635090899515
    ],
    "runtime_s": 3.652414321899414,
    "gen_accept": 0.0,
    "gen_accept_std": 0.0,
    "gen_shadow_regular": 0.6402646107435377,
    "gen_shadow_mutated": 0.66139269915417,
    "duplicates_kept": 0,
    "truncated_traces": 0,
    "max_trace_length_used": 370
  },
  "notes": "Benchmark Methodology v2 (run_m1_family.py)"
}
