{
  "dataset": "Sepsis",
  "miner": "Inductive_Strict",
  "method": "M1f",
  "method_label": "HybridGen v2.6 (log weighting)",
  "timestamp": "2026-06-12T09:09:23Z",
  "host": "local",
  "seed": 42,
  "parameters": {
    "algorithm_version": "v2.6",
    "max_n": 6,
    "safe_threshold": 5,
    "num_shadow_traces": 1000,
    "iterations": 5
  },
  "results": {
    "mean": 0.9612547230971066,
    "std": 0.002910629875750403,
    "raw_iterations": [
      0.9582952999115425,
      0.9592702377746054,
      0.9625023936747072,
      0.9663643366960968,
      0.9598413474285806
    ],
    "runtime_s": 5.574548006057739,
    "gen_accept": 0.4566,
    "gen_accept_std": 0.011825396399275583,
    "gen_shadow_regular": 0.9523745328018489,
    "gen_shadow_mutated": 0.9696573521108605,
    "duplicates_kept": 0,
    "truncated_traces": 0,
    "max_trace_length_used": 370
  },
  "notes": "Benchmark Methodology v2 (run_m1_family.py)"
}
