{
  "config": {
    "logs": [
      "D1",
      "D2",
      "D3",
      "D4",
      "D5"
    ],
    "miners": [
      "Alpha",
      "Alpha+",
      "Heuristics",
      "Heuristics_Strict",
      "Inductive_Strict",
      "Inductive_Infrequent"
    ],
    "B": 10000
  },
  "per_log": {
    "shadowgen_vs_R1": {
      "D1": {
        "pearson": {
          "point": 0.9962717390159933,
          "lo": 0.9900252579866351,
          "hi": 0.999999702917638,
          "median": 0.9967273447342405,
          "n": 6,
          "n_boot_valid": 9999
        },
        "spearman": {
          "point": 1.0,
          "lo": 1.0,
          "hi": 1.0,
          "median": 1.0,
          "n": 6,
          "n_boot_valid": 10000
        },
        "mae": 0.02332819099246214
      },
      "D2": {
        "pearson": {
          "point": 0.9940237628099731,
          "lo": 0.9285640154553034,
          "hi": 0.9999999471913119,
          "median": 0.9997988084693978,
          "n": 6,
          "n_boot_valid": 9998
        },
        "spearman": {
          "point": 1.0,
          "lo": 1.0,
          "hi": 1.0,
          "median": 1.0,
          "n": 6,
          "n_boot_valid": 10000
        },
        "mae": 0.019180704974670146
      },
      "D3": {
        "pearson": {
          "point": 0.9992112475189008,
          "lo": 0.9942585133917585,
          "hi": 0.9999996556629807,
          "median": 0.9992246862779971,
          "n": 6,
          "n_boot_valid": 9999
        },
        "spearman": {
          "point": 0.942857142857143,
          "lo": 0.48571428571428577,
          "hi": 1.0,
          "median": 1.0,
          "n": 6,
          "n_boot_valid": 10000
        },
        "mae": 0.006423684624753974
      },
      "D4": {
        "pearson": {
          "point": 0.9991927230869959,
          "lo": 0.9981662504013653,
          "hi": 0.9999998643351966,
          "median": 0.9994429143883891,
          "n": 6,
          "n_boot_valid": 9998
        },
        "spearman": {
          "point": 1.0,
          "lo": 1.0,
          "hi": 1.0,
          "median": 1.0,
          "n": 6,
          "n_boot_valid": 10000
        },
        "mae": 0.01614599440432057
      },
      "D5": {
        "pearson": {
          "point": 0.9858597089837121,
          "lo": 0.9690924502677888,
          "hi": 0.9999987339563143,
          "median": 0.996283897621123,
          "n": 6,
          "n_boot_valid": 10000
        },
        "spearman": {
          "point": 0.942857142857143,
          "lo": 0.4285714285714286,
          "hi": 1.0,
          "median": 1.0,
          "n": 6,
          "n_boot_valid": 10000
        },
        "mae": 0.043439365757605965
      }
    },
    "m2_vs_R1": {
      "D1": {
        "pearson": {
          "point": -0.34671313855161,
          "lo": -0.973178754122429,
          "hi": 0.8209602959379126,
          "median": -0.42841107656510435,
          "n": 6,
          "n_boot_valid": 10000
        },
        "spearman": {
          "point": -0.4285714285714286,
          "lo": -0.7714285714285715,
          "hi": 1.0,
          "median": -0.4285714285714286,
          "n": 6,
          "n_boot_valid": 10000
        },
        "mae": 0.17248960148596737
      },
      "D2": {
        "pearson": {
          "point": 0.4074755387370501,
          "lo": -0.941672152145534,
          "hi": 0.9189369065142657,
          "median": 0.46725565419413956,
          "n": 6,
          "n_boot_valid": 9996
        },
        "spearman": {
          "point": 0.14285714285714288,
          "lo": -0.7714285714285715,
          "hi": 1.0,
          "median": 0.14285714285714288,
          "n": 6,
          "n_boot_valid": 10000
        },
        "mae": 0.18438306084056558
      },
      "D3": {
        "pearson": {
          "point": -0.653223270694663,
          "lo": -0.9999414597994573,
          "hi": 0.43618820247962875,
          "median": -0.7362096063433597,
          "n": 6,
          "n_boot_valid": 9998
        },
        "spearman": {
          "point": -0.7142857142857143,
          "lo": -0.8857142857142858,
          "hi": 0.14285714285714288,
          "median": -0.5428571428571429,
          "n": 6,
          "n_boot_valid": 10000
        },
        "mae": 0.13505370771683076
      },
      "D4": {
        "pearson": {
          "point": -0.5321056030942988,
          "lo": -0.90640044917388,
          "hi": 0.9961319700335799,
          "median": -0.6037757932674893,
          "n": 6,
          "n_boot_valid": 9999
        },
        "spearman": {
          "point": -0.3714285714285715,
          "lo": -0.6,
          "hi": 1.0,
          "median": -0.3714285714285715,
          "n": 6,
          "n_boot_valid": 10000
        },
        "mae": 0.20830049803913564
      },
      "D5": {
        "pearson": {
          "point": -0.33017088294425506,
          "lo": -0.9716570687383348,
          "hi": 0.9948517042756624,
          "median": -0.3756890521445955,
          "n": 6,
          "n_boot_valid": 10000
        },
        "spearman": {
          "point": 0.14285714285714288,
          "lo": -0.6,
          "hi": 1.0,
          "median": 0.14285714285714288,
          "n": 6,
          "n_boot_valid": 10000
        },
        "mae": 0.22856754400068166
      }
    },
    "random_vs_R1": {
      "D1": {
        "pearson": {
          "point": 0.8283361623316975,
          "lo": 0.7369487605571465,
          "hi": 0.9998749325027989,
          "median": 0.9184041737130639,
          "n": 6,
          "n_boot_valid": 9998
        },
        "spearman": {
          "point": 1.0,
          "lo": 1.0,
          "hi": 1.0,
          "median": 1.0,
          "n": 6,
          "n_boot_valid": 10000
        },
        "mae": 0.2811215940024296
      },
      "D2": {
        "pearson": {
          "point": 0.966392848749928,
          "lo": 0.5950477250834791,
          "hi": 0.9998610285138093,
          "median": 0.9712772927777679,
          "n": 6,
          "n_boot_valid": 9998
        },
        "spearman": {
          "point": 0.942857142857143,
          "lo": 0.48571428571428577,
          "hi": 1.0,
          "median": 1.0,
          "n": 6,
          "n_boot_valid": 10000
        },
        "mae": 0.11557446116682009
      },
      "D3": {
        "pearson": {
          "point": 0.6975358335757341,
          "lo": 0.6252108930238292,
          "hi": 0.9997102622277539,
          "median": 0.8449186112958689,
          "n": 6,
          "n_boot_valid": 9999
        },
        "spearman": {
          "point": 0.942857142857143,
          "lo": 0.48571428571428577,
          "hi": 1.0,
          "median": 1.0,
          "n": 6,
          "n_boot_valid": 10000
        },
        "mae": 0.26476200483929974
      },
      "D4": {
        "pearson": {
          "point": 0.88030312611776,
          "lo": 0.7238786388094178,
          "hi": 0.9999684641204514,
          "median": 0.9074565893515079,
          "n": 6,
          "n_boot_valid": 9998
        },
        "spearman": {
          "point": 1.0,
          "lo": 1.0,
          "hi": 1.0,
          "median": 1.0,
          "n": 6,
          "n_boot_valid": 10000
        },
        "mae": 0.17616673074418654
      },
      "D5": {
        "pearson": {
          "point": 0.8439835671236433,
          "lo": 0.7244356615969134,
          "hi": 0.9959511198228213,
          "median": 0.8848986156360679,
          "n": 6,
          "n_boot_valid": 9998
        },
        "spearman": {
          "point": 0.942857142857143,
          "lo": 0.48571428571428577,
          "hi": 1.0,
          "median": 1.0,
          "n": 6,
          "n_boot_valid": 10000
        },
        "mae": 0.1962882020520964
      }
    }
  },
  "pooled": {
    "shadowgen_vs_R1": {
      "pearson": {
        "point": 0.9925408532169375,
        "lo": 0.9862475739545231,
        "hi": 0.9983912625159357,
        "median": 0.9928604562050218,
        "n": 30,
        "n_boot_valid": 10000
      },