{
 "D1": {
  "dataset": "Sepsis",
  "shadow": {
   "exact": 1.0600000000000003,
   "sim90": 5.5200000000000005,
   "sim80": 29.62,
   "sim70": 60.18
  },
  "random": {
   "exact": 0.0,
   "sim90": 0.0,
   "sim80": 0.0,
   "sim70": 0.0
  }
 },
 "D2": {
  "dataset": "BPI2013_Incidents",
  "shadow": {
   "exact": 16.799999999999997,
   "sim90": 33.019999999999996,
   "sim80": 75.24,
   "sim70": 86.57999999999998
  },
  "random": {
   "exact": 0.04,
   "sim90": 0.04,
   "sim80": 0.21999999999999997,
   "sim70": 1.6400000000000001
  }
 },
 "D3": {
  "dataset": "BPI2017",
  "shadow": {
   "exact": 8.54,
   "sim90": 53.28000000000001,
   "sim80": 91.5,
   "sim70": 98.82000000000002
  },
  "random": {
   "exact": 0.0,
   "sim90": 0.0,
   "sim80": 0.0,
   "sim70": 0.0
  }
 },
 "D4": {
  "dataset": "BPI2018",
  "shadow": {
   "exact": 0.13999999999999999,
   "sim90": 4.459999999999999,
   "sim80": 30.419999999999998,
   "sim70": 61.739999999999995
  },
  "random": {
   "exact": 0.0,
   "sim90": 0.0,
   "sim80": 0.0,
   "sim70": 0.0
  }
 },
 "D5": {
  "dataset": "BPI2019",
  "shadow": {
   "exact": 24.979999999999997,
   "sim90": 27.939999999999998,
   "sim80": 51.2,
   "sim70": 72.3
  },
  "random": {
   "exact": 0.0,
   "sim90": 0.0,
   "sim80": 0.0,
   "sim70": 0.0
  }
 }
}