{
 "D1": {
  "dataset": "Sepsis",
  "mutated_share_pct": 55.55999999999999,
  "hit_regular_pct": 1.9985426136042028,
  "hit_mutated_pct": 0.3181540771774932,
  "unseen_regular_pct": 100.0,
  "unseen_mutated_pct": 100.0
 },
 "D2": {
  "dataset": "BPI2013_Incidents",
  "mutated_share_pct": 1.8000000000000003,
  "hit_regular_pct": 17.09399533605428,
  "hit_mutated_pct": 0.0,
  "unseen_regular_pct": 100.0,
  "unseen_mutated_pct": 100.0
 },
 "D3": {
  "dataset": "BPI2017",
  "mutated_share_pct": 2.5,
  "hit_regular_pct": 8.75692424506383,
  "hit_mutated_pct": 0.0,
  "unseen_regular_pct": 100.0,
  "unseen_mutated_pct": 100.0
 },
 "D5": {
  "dataset": "BPI2019",
  "mutated_share_pct": 16.419999999999998,
  "hit_regular_pct": 29.264939352741216,
  "hit_mutated_pct": 0.7906037364303727,
  "unseen_regular_pct": 100.0,
  "unseen_mutated_pct": 100.0
 }
}