{
  "D1": {
    "dataset": "Sepsis",
    "n_variants": 846,
    "folds": 15,
    "runtime_s": 31.210230112075806,
    "shadow": {
      "within_1": 0.06893333333333332,
      "within_2": 0.23913333333333336,
      "within_3": 0.4417333333333333
    },
    "n1": {
      "within_1": 0.05273333333333334,
      "within_2": 0.22293333333333337,
      "within_3": 0.4086666666666666
    },
    "random": {
      "within_1": 0.0,
      "within_2": 6.666666666666667e-05,
      "within_3": 0.0012666666666666668
    }
  },
  "D2": {
    "dataset": "BPI2013_Incidents",
    "n_variants": 1511,
    "folds": 15,
    "runtime_s": 37.365710496902466,
    "shadow": {
      "within_1": 0.5281333333333332,
      "within_2": 0.8281333333333334,
      "within_3": 0.9068666666666669
    },
    "n1": {
      "within_1": 0.3658666666666667,
      "within_2": 0.7117333333333333,
      "within_3": 0.8530000000000001
    },
    "random": {
      "within_1": 0.0021333333333333334,
      "within_2": 0.016666666666666666,
      "within_3": 0.04560000000000001
    }
  },
  "D3": {
    "dataset": "BPI2017",
    "n_variants": 15930,
    "folds": 15,
    "runtime_s": 713.1119894981384,
    "shadow": {
      "within_1": 0.15673333333333334,
      "within_2": 0.30959999999999993,
      "within_3": 0.46626666666666666
    },
    "n1": {
      "within_1": 0.0,
      "within_2": 0.00013333333333333334,
      "within_3": 0.0028
    },
    "random": {
      "within_1": 0.0,
      "within_2": 0.0,
      "within_3": 0.0
    }
  },
  "D4": {
    "dataset": "BPI2018",
    "n_variants": 28457,
    "folds": 15,
    "runtime_s": 1425.5731298923492,
    "shadow": {
      "within_1": 0.0022,
      "within_2": 0.007933333333333332,
      "within_3": 0.020800000000000003
    },
    "n1": {
      "within_1": 0.0,
      "within_2": 0.0,
      "within_3": 0.0
    },
    "random": {
      "within_1": 0.0,
      "within_2": 0.0,
      "within_3": 0.0
    }
  },
  "D5": {
    "dataset": "BPI2019",
    "n_variants": 11973,
    "folds": 15,
    "runtime_s": 174.82819819450378,
    "shadow": {
      "within_1": 0.43046666666666666,
      "within_2": 0.7229333333333333,
      "within_3": 0.8016666666666666
    },
    "n1": {
      "within_1": 0.5098666666666667,
      "within_2": 0.8295333333333335,
      "within_3": 0.9025333333333336
    },
    "random": {
      "within_1": 0.00013333333333333334,
      "within_2": 0.0048000000000000004,
      "within_3": 0.022000000000000002
    }
  }
}