{
  "D1": {
    "dataset": "Sepsis",
    "n_variants": 846,
    "folds": 15,
    "runtime_s": 31.32529902458191,
    "shadow": {
      "within_1": 0.06893333333333332,
      "within_2": 0.23913333333333336,
      "within_3": 0.4417333333333333
    },
    "n1": {
      "within_1": 0.05273333333333334,
      "within_2": 0.22293333333333337,
      "within_3": 0.4086666666666666
    },
    "random": {
      "within_1": 0.0,
      "within_2": 6.666666666666667e-05,
      "within_3": 0.0012666666666666668
    }
  }
}