{
  "D1__Alpha": {
    "n_traces": 1050,
    "M2_score": 0.9131789227698267,
    "M2_s": 0.3,
    "M7_score": 0.8195368049382249,
    "M7_s": 11.4
  },
  "D1__Alpha+": {
    "n_traces": 1050,
    "M2_score": 0.9188890052402672,
    "M2_s": 0.3,
    "M7_score": 0.75,
    "M7_s": 13.6
  },
  "D1__Heuristics": {
    "n_traces": 1050,
    "M2_score": 0.8297974273220798,
    "M2_s": 0.6,
    "M7_score": 0.9995380695182795,
    "M7_s": 0.4
  },
  "D1__Heuristics_Strict": {
    "n_traces": 1050,
    "M2_score": 0.9004269595985982,
    "M2_s": 0.5,
    "M7_score": 0.9991165248562909,
    "M7_s": 0.3
  },
  "D1__Inductive_Infrequent": {
    "n_traces": 1050,
    "M2_score": 0.8799409837736138,
    "M2_s": 0.4,
    "M7_score": 0.75,
    "M7_s": 1.5
  },
  "D1__Inductive_Strict": {
    "n_traces": 1050,
    "M2_score": 0.9024534736155712,
    "M2_s": 0.5,
    "M7_score": 0.7438958092946059,
    "M7_s": 0.9
  },
  "D1__Trace_Filtered": {
    "n_traces": 1050,
    "M2_score": 0.03584805633488708,
    "M2_s": 1.7,
    "M7_score": 1.0,
    "M7_s": 2.1
  },
  "D1__Flower": {
    "n_traces": 1050,
    "M2_score": 0.9131789227698267,
    "M2_s": 0.2,
    "M7_score": 0.8212029422947011,
    "M7_s": 0.2
  },
  "D2__Alpha": {
    "n_traces": 7554,
    "M2_score": 0.8824986163548602,
    "M2_s": 0.4,
    "M7_score": 1.0,
    "M7_s": 14.1
  },
  "D2__Alpha+": {
    "n_traces": 7554,
    "M2_score": 0.8452125351032832,
    "M2_s": 0.3,
    "M7_score": 0.817047645689743,
    "M7_s": 0.8
  },
  "D2__Heuristics": {
    "n_traces": 7554,
    "M2_score": 0.9024161645591694,
    "M2_s": 0.7,
    "M7_score": 0.9804789183325768,
    "M7_s": 1.1
  },
  "D2__Heuristics_Strict": {
    "n_traces": 7554,
    "M2_score": 0.9294662224524112,
    "M2_s": 0.8,
    "M7_score": 0.97961116224219,
    "M7_s": 1.0
  },
  "D2__Inductive_Infrequent": {
    "n_traces": 7554,
    "M2_score": 0.9887015674902806,
    "M2_s": 0.8,
    "M7_score": 1.0,
    "M7_s": 1.1
  },
  "D2__Inductive_Strict": {
    "n_traces": 7554,
    "M2_score": 0.871132170779936,
    "M2_s": 0.8,
    "M7_score": 1.0,
    "M7_s": 1.7
  },
  "D2__Trace_Filtered": {
    "n_traces": 7554,
    "M2_score": 0.04301936874383061,
    "M2_s": 3.1,
    "M7_score": 1.0,
    "M7_s": 11.5
  },
  "D2__Flower": {
    "n_traces": 7554,
    "M2_score": 0.8824986163548602,
    "M2_s": 0.5,
    "M7_score": 0.9376882532187331,
    "M7_s": 0.3
  },
  "D3__Alpha": {
    "n_traces": 31509,
    "M2_score": 0.9824200959583872,
    "M2_s": 14.0,
    "M7_score": 0.75,
    "M7_s": 525.4
  },
  "D3__Alpha+": {
    "n_traces": 31509,
    "M2_score": 0.9828480604904316,
    "M2_s": 11.6,
    "M7_score": 0.75,
    "M7_s": 401.9
  },
  "D3__Heuristics": {
    "n_traces": 31509,
    "M2_score": 0.9170460885062405,
    "M2_s": 33.6,
    "M7_score": 0.9944291157965935,
    "M7_s": 27.3
  },
  "D3__Heuristics_Strict": {
    "n_traces": 31509,
    "M2_score": 0.9467653046610486,
    "M2_s": 30.6,
    "M7_score": 0.9230443691424469,
    "M7_s": 31.2
  },
  "D3__Inductive_Infrequent": {
    "n_traces": 31509,
    "M2_score": 0.9472750056937391,
    "M2_s": 34.0,
    "M7_score": 0.9999115178230633,
    "M7_s": 35.9
  },
  "D3__Inductive_Strict": {
    "n_traces": 31509,
    "M2_score": 0.9484917562396579,
    "M2_s": 33.8,
    "M7_score": 0.8549636404442813,
    "M7_s": 84.0
  }
}