{
 "D1": {
  "dataset": "Sepsis",
  "mutated_share_pct": 55.55999999999999,
  "near_regular_pct": {
   "1": 10.573895220424202,
   "2": 35.68813170956507,
   "3": 62.19512989111562
  },
  "near_mutated_pct": {
   "1": 4.557398904942299,
   "2": 15.202174765466253,
   "3": 31.537253503808166
  }
 },
 "D2": {
  "dataset": "BPI2013_Incidents",
  "mutated_share_pct": 1.8000000000000003,
  "near_regular_pct": {
   "1": 55.57935856850804,
   "2": 83.82525790526063,
   "3": 91.28291080599382
  },
  "near_mutated_pct": {
   "1": 5.3999999999999995,
   "2": 31.04313725490196,
   "3": 56.75910364145659
  }
 },
 "D3": {
  "dataset": "BPI2017",
  "mutated_share_pct": 2.5,
  "near_regular_pct": {
   "1": 15.732141564883866,
   "2": 31.65173341495772,
   "3": 48.1239855765923
  },
  "near_mutated_pct": {
   "1": 1.4835164835164834,
   "2": 3.205128205128205,
   "3": 13.003663003663005
  }
 },
 "D5": {
  "dataset": "BPI2019",
  "mutated_share_pct": 16.419999999999998,
  "near_regular_pct": {
   "1": 47.4790976829946,
   "2": 79.97475760993579,
   "3": 85.58701518674661
  },
  "near_mutated_pct": {
   "1": 8.153076793565136,
   "2": 32.192590127304484,
   "3": 51.97699728055798
  }
 }
}