{
 "D3": {
  "1": {
   "per_step": 1.0776036250585948e-05,
   "per_trace": 0.0004,
   "avg_len": 37.1194
  },
  "2": {
   "per_step": 5.3950527366405005e-05,
   "per_trace": 0.002,
   "avg_len": 37.071
  },
  "3": {
   "per_step": 0.0001736359365105305,
   "per_trace": 0.0064,
   "avg_len": 39.1624
  },
  "4": {
   "per_step": 0.00029790997532933017,
   "per_trace": 0.0126,
   "avg_len": 42.966
  },
  "5": {
   "per_step": 0.0004469613539703531,
   "per_trace": 0.0184,
   "avg_len": 43.4042
  },
  "6": {
   "per_step": 0.0005919369086322615,
   "per_trace": 0.0242,
   "avg_len": 43.9236
  },
  "7": {
   "per_step": 0.0008580417580322243,
   "per_trace": 0.0352,
   "avg_len": 44.0538
  },
  "8": {
   "per_step": 0.0010923508469090517,
   "per_trace": 0.0442,
   "avg_len": 44.4912
  }
 },
 "D1": {
  "1": {
   "per_step": 0.0011341612231713445,
   "per_trace": 0.0156,
   "avg_len": 13.931
  },
  "2": {
   "per_step": 0.005697639549329564,
   "per_trace": 0.0732,
   "avg_len": 14.0058
  },
  "3": {
   "per_step": 0.014643961198166506,
   "per_trace": 0.186,
   "avg_len": 15.0096
  },
  "4": {
   "per_step": 0.028114713153074688,
   "per_trace": 0.3322,
   "avg_len": 15.6146
  },
  "5": {
   "per_step": 0.04628439508329694,
   "per_trace": 0.4862,
   "avg_len": 16.027
  },
  "6": {
   "per_step": 0.05373769954767094,
   "per_trace": 0.5416,
   "avg_len": 15.8734
  },
  "7": {
   "per_step": 0.06267361333350402,
   "per_trace": 0.6148,
   "avg_len": 15.6238
  },
  "8": {
   "per_step": 0.06509670936950515,
   "per_trace": 0.6314,
   "avg_len": 15.924
  }
 },
 "D2": {
  "1": {
   "per_step": 0.0,
   "per_trace": 0.0,
   "avg_len": 10.6054
  },
  "2": {
   "per_step": 2.061685634174501e-05,
   "per_trace": 0.0002,
   "avg_len": 9.7008
  },
  "3": {
   "per_step": 3.935303608673409e-05,
   "per_trace": 0.0004,
   "avg_len": 10.1644
  },
  "4": {
   "per_step": 0.00013478126925446703,
   "per_trace": 0.0014,
   "avg_len": 10.3872
  },
  "5": {
   "per_step": 0.0005381931556677307,
   "per_trace": 0.0058,
   "avg_len": 10.7768
  },
  "6": {
   "per_step": 0.0013464024127531236,
   "per_trace": 0.0148,
   "avg_len": 11.1408
  },
  "7": {
   "per_step": 0.002061745729875762,
   "per_trace": 0.023,
   "avg_len": 11.2526
  },
  "8": {
   "per_step": 0.0035049511688842005,
   "per_trace": 0.0402,
   "avg_len": 11.7548
  }
 },
 "D5": {
  "1": {
   "per_step": 3.196828745884083e-05,
   "per_trace": 0.0002,
   "avg_len": 6.2562
  },
  "2": {
   "per_step": 0.0011710349820086444,
   "per_trace": 0.0104,
   "avg_len": 9.3934
  },
  "3": {
   "per_step": 0.003916931490651097,
   "per_trace": 0.0482,
   "avg_len": 13.531
  },
  "4": {
   "per_step": 0.009282056008320935,
   "per_trace": 0.1176,
   "avg_len": 15.1906
  },
  "5": {
   "per_step": 0.015613094853748306,
   "per_trace": 0.1862,
   "avg_len": 15.487
  },
  "6": {
   "per_step": 0.02005499541704858,
   "per_trace": 0.232,
   "avg_len": 16.365
  },
  "7": {
   "per_step": 0.0220911038527728,
   "per_trace": 0.2524,
   "avg_len": 17.0838
  },
  "8": {
   "per_step": 0.023023535434101974,
   "per_trace": 0.254,
   "avg_len": 16.8002
  }
 },
 "D4": {
  "1": {
   "per_step": 2.8431808085295425e-05,
   "per_trace": 0.0016,
   "avg_len": 56.275
  },
  "2": {
   "per_step": 0.00029012084786922355,
   "per_trace": 0.0154,
   "avg_len": 55.8388
  },
  "3": {
   "per_step": 0.0009572024164043223,
   "per_trace": 0.0478,
   "avg_len": 56.4144
  },
  "4": {
   "per_step": 0.002142639615992575,
   "per_trace": 0.0946,
   "avg_len": 55.1656
  },
  "5": {
   "per_step": 0.004427121269723962,
   "per_trace": 0.1772,
   "avg_len": 56.2894
  },
  "6": {
   "per_step": 0.007857515192012342,
   "per_trace": 0.2648,
   "avg_len": 57.1682
  },
  "7": {
   "per_step": 0.011771193450550383,
   "per_trace": 0.3338,
   "avg_len": 56.5788
  },
  "8": {
   "per_step": 0.01631876449592378,
   "per_trace": 0.4046,
   "avg_len": 57.6024
  }
 }
}