{
 "objective": "mae",
 "grid": "alpha",
 "logs": [
  "D1",
  "D2",
  "D3",
  "D4",
  "D5"
 ],
 "results": [
  {
   "cfg": {
    "max_n": 6,
    "safe_threshold": 5,
    "num_traces": 1000,
    "weighting": "mle",
    "alpha": 0.0,
    "pu_clamp": 1.0,
    "temp": 1.0,
    "cap_mult": 2.0,
    "mut_uniform": false
   },
   "label": "N6_t5_mle_a0.0",
   "per_log": {
    "D1": {
     "mae": 0.015193318499500175,
     "pearson": 0.9982938867234042,
     "spread": 0.7139088727662383,
     "mutrate": 0.0,
     "scores": [
      0.2723,
      0.7819,
      0.8918,
      0.9237,
      0.9767,
      0.9862
     ]
    },
    "D2": {
     "mae": 0.01838299908831639,
     "pearson": 0.9944739619884793,
     "spread": 0.7446624474001717,
     "mutrate": 0.0,
     "scores": [
      0.2553,
      0.6327,
      0.9939,
      0.9983,
      0.9912,
      1.0
     ]
    },
    "D3": {
     "mae": 0.006313626863007497,
     "pearson": 0.9991732039034807,
     "spread": 0.611712499588825,
     "mutrate": 0.0,
     "scores": [
      0.3878,
      0.8591,
      0.9478,
      0.9513,
      0.9763,
      0.9995
     ]
    },
    "D4": {
     "mae": 0.01652851546882327,
     "pearson": 0.9986202182367242,
     "spread": 0.754478510050882,
     "mutrate": 0.0,
     "scores": [
      0.2212,
      0.599,
      0.8748,
      0.9281,
      0.9693,
      0.9757
     ]
    },
    "D5": {
     "mae": 0.04255210165172838,
     "pearson": 0.9867938387938191,
     "spread": 0.6674787319087239,
     "mutrate": 0.0,
     "scores": [
      0.3628,
      0.3289,
      0.8369,
      0.8932,
      0.9652,
      0.9964
     ]
    }
   },
   "agg": 0.019794112314275143
  },
  {
   "cfg": {
    "max_n": 6,
    "safe_threshold": 5,
    "num_traces": 1000,
    "weighting": "mle",
    "alpha": 0.25,
    "pu_clamp": 1.0,
    "temp": 1.0,
    "cap_mult": 2.0,
    "mut_uniform": false
   },
   "label": "N6_t5_mle_a0.25",
   "per_log": {
    "D1": {
     "mae": 0.01794312700291617,
     "pearson": 0.9974274829476872,
     "spread": 0.7071383889906153,
     "mutrate": 0.20199999999999999,
     "scores": [
      0.2771,
      0.7728,
      0.8892,
      0.9223,
      0.975,
      0.9843
     ]
    },
    "D2": {
     "mae": 0.018420401558698216,
     "pearson": 0.9944736077803558,
     "spread": 0.7445461266083437,
     "mutrate": 0.004,
     "scores": [
      0.2555,
      0.6327,
      0.9937,
      0.9982,
      0.9909,
      1.0
     ]
    },
    "D3": {
     "mae": 0.006158983955207521,
     "pearson": 0.9991594055809374,
     "spread": 0.6108133583400172,
     "mutrate": 0.011999999999999999,
     "scores": [
      0.3887,
      0.8594,
      0.9485,
      0.9519,
      0.9765,
      0.9995
     ]
    },
    "D4": {
     "mae": 0.015478761463065102,
     "pearson": 0.9990764687732947,
     "spread": 0.7537124738448021,
     "mutrate": 0.09499999999999999,
     "scores": [
      0.222,
      0.6066,
      0.8746,
      0.928,
      0.969,
      0.9757
     ]
    },
    "D5": {
     "mae": 0.04189192810342653,
     "pearson": 0.9873254127306572,
     "spread": 0.6670183836521084,
     "mutrate": 0.071,
     "scores": [
      0.3604,
      0.3294,
      0.8378,
      0.8938,
      0.9647,
      0.9964
     ]
    }
   },
   "agg": 0.019978640416662707
  },
  {
   "cfg": {
    "max_n": 6,
    "safe_threshold": 5,
    "num_traces": 1000,
    "weighting": "mle",
    "alpha": 0.5,
    "pu_clamp": 1.0,
    "temp": 1.0,
    "cap_mult": 2.0,
    "mut_uniform": false
   },
   "label": "N6_t5_mle_a0.5",
   "per_log": {
    "D1": {
     "mae": 0.018655889623536825,
     "pearson": 0.9974777089380639,
     "spread": 0.7078752468297165,
     "mutrate": 0.338,
     "scores": [
      0.2754,
      0.7718,
      0.8885,
      0.9204,
      0.9736,
      0.9833
     ]
    },
    "D2": {
     "mae": 0.01798336383373717,
     "pearson": 0.9947415695908192,
     "spread": 0.7454588345023929,
     "mutrate": 0.005,
     "scores": [
      0.2545,
      0.6343,
      0.9937,
      0.9982,
      0.9909,
      1.0
     ]
    },
    "D3": {
     "mae": 0.0061968407121753095,
     "pearson": 0.9991850398074296,
     "spread": 0.6106005377578487,
     "mutrate": 0.015,
     "scores": [
      0.3889,
      0.8597,
      0.9484,
      0.9517,
      0.9764,
      0.9995
     ]
    },
    "D4": {
     "mae": 0.015463913180474825,
     "pearson": 0.999140560126746,
     "spread": 0.7536775415439364,
     "mutrate": 0.156,
     "scores": [
      0.2221,
      0.6077,
      0.8742,
      0.9274,
      0.9691,
      0.9757
     ]
    },
    "D5": {
     "mae": 0.04219413005686399,
     "pearson": 0.9869679126817309,
     "spread": 0.6691556751131637,
     "mutrate": 0.121,
     "scores": [
      0.3606,
      0.3272,
      0.8377,
      0.8943,
      0.9649,
      0.9964
     ]
    }
   },
   "agg": 0.020098827481357624
  },
  {
   "cfg": {
    "max_n": 6,
    "safe_threshold": 5,
    "num_traces": 1000,
    "weighting": "mle",
    "alpha": 0.75,
    "pu_clamp": 1.0,
    "temp": 1.0,
    "cap_mult": 2.0,
    "mut_uniform": false
   },
   "label": "N6_t5_mle_a0.75",
   "per_log": {
    "D1": {
     "mae": 0.02120573300380706,
     "pearson": 0.9966185107890604,
     "spread": 0.7099404574817672,
     "mutrate": 0.446,
     "scores": [
      0.2749,
      0.7633,
      0.8825,
      0.9178,
      0.9733,
      0.9848
     ]
    },
    "D2": {
     "mae": 0.01814867551034967,
     "pearson": 0.9946811275459292,
     "spread": 0.7450572027592999,
     "mutrate": 0.01,
     "scores": [
      0.2549,
      0.634,
      0.9936,
      0.9981,
      0.991,
      1.0
     ]
    },
    "D3": {
     "mae": 0.006156841453611718,
     "pearson": 0.9991200514726328,
     "spread": 0.6115089335341805,
     "mutrate": 0.021999999999999995,
     "scores": [
      0.388,
      0.8587,
      0.9487,
      0.952,
      0.9762,
      0.9995
     ]
    },
    "D4": {
     "mae": 0.015176519472259583,
     "pearson": 0.9992335634319583,
     "spread": 0.7519457901795823,
     "mutrate": 0.22,
     "scores": [
      0.2239,
      0.6104,
      0.8744,
      0.927,
      0.97,
      0.9759
     ]
    },
    "D5": {
     "mae": 0.04198813334609824,
     "pearson": 0.987171563491893,
     "spread": 0.667815682642406,
     "mutrate": 0.17500000000000002,
     "scores": [
      0.3607,
      0.3285,
      0.8382,
      0.8944,
      0.9644,
      0.9963
     ]
    }
   },
   "agg": 0.020535180557225252
  },
  {
   "cfg": {
    "max_n": 6,
    "safe_threshold": 5,
    "num_traces": 1000,
    "weighting": "mle",
    "alpha": 1.0,
    "pu_clamp": 1.0,
    "temp": 1.0,
    "cap_mult": 2.0,
    "mut_uniform": false
   },
   "label": "N6_t5_mle",
   "per_log": {
    "D1": {
     "mae": 0.02117284504311508,
     "pearson": 0.9967620362749597,
     "spread": 0.7139828569301643,
     "mutrate": 0.505,
     "scores": [
      0.2723,
      0.7643,
      0.8815,
      0.9182,
      0.9741,
      0.9863
     ]
    },
    "D2": {
     "mae": 0.017841993867638087,
     "pearson": 0.9948874510263852,
     "spread": 0.7456958492838269,
     "mutrate": 0.013,
     "scores": [
      0.2543,
      0.6353,
      0.9936,
      0.998,
      0.991,
      1.0
     ]
    },
    "D3": {
     "mae": 0.006347711987441949,
     "pearson": 0.999099992980741,
     "spread": 0.611399434229299,
     "mutrate": 0.023999999999999997,
     "scores": [
      0.3881,
      0.8583,
      0.9485,
      0.9517,
      0.9761,
      0.9995
     ]
    },
    "D4": {
     "mae": 0.01583156858649065,
     "pearson": 0.9988593928192215,
     "spread": 0.7562065851576016,
     "mutrate": 0.26,
     "scores": [
      0.2194,
      0.6017,
      0.8742,
      0.9277,
      0.9699,
      0.9756
     ]
    },
    "D5": {
     "mae": 0.04038379812703353,
     "pearson": 0.9886052624220989,
     "spread": 0.6624569639904634,
     "mutrate": 0.23700000000000002,
     "scores": [
      0.357,
      0.334,
      0.8393,
      0.8941,
      0.964,
      0.9964
     ]
    }
   },