{
  "dataset": "BPI2017",
  "miner": "Heuristics",
  "method": "M1f",
  "method_label": "HybridGen v2.6 (log weighting)",
  "timestamp": "2026-06-19T19:13:42Z",
  "host": "local",
  "seed": 42,
  "parameters": {
    "algorithm_version": "v2.6",
    "max_n": 1,
    "safe_threshold": 5,
    "num_shadow_traces": 1000,
    "iterations": 5
  },
  "results": {
    "mean": 0.8817773986693729,
    "std": 0.0007543288055547242,
    "raw_iterations": [
      0.8811536798741143,
      0.8821295556082159,
      0.8809424431587671,
      0.8816155772724505,
      0.8830457374333162
    ],
    "runtime_s": 20.45762848854065,
    "gen_accept": 0.0008,
    "gen_accept_std": 0.0007483314773547883,
    "gen_shadow_regular": 0.8831463451981024,
    "gen_shadow_mutated": 0.8758795832136507,
    "duplicates_kept": 0,
    "truncated_traces": 0,
    "max_trace_length_used": 360
  },
  "notes": "Benchmark Methodology v2 (run_m1_family.py)"
}