{
  "dataset": "BPI2013_Incidents",
  "miner": "Alpha",
  "method": "M1f",
  "method_label": "HybridGen v2.6 (log weighting)",
  "timestamp": "2026-06-15T16:20:36Z",
  "host": "local",
  "seed": 42,
  "parameters": {
    "algorithm_version": "v2.6",
    "max_n": 1,
    "safe_threshold": 5,
    "num_shadow_traces": 1000,
    "iterations": 5
  },
  "results": {
    "mean": 0.2802752954317576,
    "std": 0.0023949604963814618,
    "raw_iterations": [
      0.280299453551731,
      0.278820692013139,
      0.2847528485148262,
      0.27778431980129586,
      0.279719163277796
    ],
    "runtime_s": 1.2293751239776611,
    "gen_accept": 0.0002,
    "gen_accept_std": 0.0004,
    "gen_shadow_regular": 0.2928130566887629,
    "gen_shadow_mutated": 0.15479886911139085,
    "duplicates_kept": 0,
    "truncated_traces": 0,
    "max_trace_length_used": 246
  },
  "notes": "Benchmark Methodology v2 (run_m1_family.py)"
}