{
  "dataset": "BPI2013_Incidents",
  "miner": "Trace_Filtered",
  "method": "M1f",
  "method_label": "HybridGen v2.6 (log weighting)",
  "timestamp": "2026-06-15T16:20:35Z",
  "host": "local",
  "seed": 42,
  "parameters": {
    "algorithm_version": "v2.6",
    "max_n": 1,
    "safe_threshold": 5,
    "num_shadow_traces": 1000,
    "iterations": 5,
    "trace_model_top_k": 50
  },
  "results": {
    "mean": 0.5455812261724922,
    "std": 0.0034228540280677633,
    "raw_iterations": [
      0.5413981424576774,
      0.5419731537373531,
      0.5488273956369335,
      0.5497507177028234,
      0.5459567213276735
    ],
    "runtime_s": 5.795596361160278,
    "gen_accept": 0.0,
    "gen_accept_std": 0.0,
    "gen_shadow_regular": 0.5415127567785248,
    "gen_shadow_mutated": 0.5866888331946649,
    "duplicates_kept": 0,
    "truncated_traces": 0,
    "max_trace_length_used": 246
  },
  "notes": "Benchmark Methodology v2 (run_m1_family.py)"
}