{
  "dataset": "Sepsis",
  "miner": "Inductive_Infrequent",
  "method": "M1f",
  "method_label": "HybridGen v2.6 (log weighting)",
  "timestamp": "2026-06-12T09:09:28Z",
  "host": "local",
  "seed": 42,
  "parameters": {
    "algorithm_version": "v2.6",
    "max_n": 6,
    "safe_threshold": 5,
    "num_shadow_traces": 1000,
    "iterations": 5
  },
  "results": {
    "mean": 0.9310207999367069,
    "std": 0.0024924331652933563,
    "raw_iterations": [
      0.9285455697918339,
      0.9303607557862253,
      0.9303754467542993,
      0.9358210655715605,
      0.9300011617796149
    ],
    "runtime_s": 4.7482593059539795,
    "gen_accept": 0.3433999999999999,
    "gen_accept_std": 0.01094714574672319,
    "gen_shadow_regular": 0.9135358211053177,
    "gen_shadow_mutated": 0.9474738126871898,
    "duplicates_kept": 0,
    "truncated_traces": 0,
    "max_trace_length_used": 370
  },
  "notes": "Benchmark Methodology v2 (run_m1_family.py)"
}
